UF,Nome_UF,Meso,Nome_Meso,Micro,Nome_Micro,ID_Munic,Nome_Munic
31,Minas Gerais,3105,Triângulo Mineiro/Alto Paranaíba,31019,Patrocínio,3100104,Abadia dos Dourados
31,Minas Gerais,3106,Central Mineira,31024,Três Marias,3100203,Abaeté
31,Minas Gerais,3112,Zona da Mata,31061,Manhuaçu,3100302,Abre Campo
31,Minas Gerais,3112,Zona da Mata,31060,Ponte Nova,3100401,Acaiaca
31,Minas Gerais,3108,Vale do Rio Doce,31039,Ipatinga,3100500,Açucena
31,Minas Gerais,3108,Vale do Rio Doce,31036,Peçanha,3100609,Água Boa
31,Minas Gerais,3105,Triângulo Mineiro/Alto Paranaíba,31022,Uberaba,3100708,Água Comprida
31,Minas Gerais,3109,Oeste de Minas,31045,Campo Belo,3100807,Aguanil
31,Minas Gerais,3104,Vale do Mucuri,31016,Nanuque,3100906,Águas Formosas
31,Minas Gerais,3102,Norte de Minas,31005,Salinas,3101003,Águas Vermelhas
31,Minas Gerais,3108,Vale do Rio Doce,31041,Aimorés,3101102,Aimorés
31,Minas Gerais,3110,Sul/Sudoeste de Minas,31055,Andrelândia,3101201,Aiuruoca
31,Minas Gerais,3110,Sul/Sudoeste de Minas,31054,São Lourenço,3101300,Alagoa
31,Minas Gerais,3110,Sul/Sudoeste de Minas,31051,Poços de Caldas,3101409,Albertina
31,Minas Gerais,3112,Zona da Mata,31066,Cataguases,3101508,Além Paraíba
31,Minas Gerais,3110,Sul/Sudoeste de Minas,31049,Alfenas,3101607,Alfenas
31,Minas Gerais,3111,Campo das Vertentes,31059,Barbacena,3101631,Alfredo Vasconcelos
31,Minas Gerais,3103,Jequitinhonha,31014,Almenara,3101706,Almenara
31,Minas Gerais,3108,Vale do Rio Doce,31037,Governador Valadares,3101805,Alpercata
31,Minas Gerais,3110,Sul/Sudoeste de Minas,31047,Passos,3101904,Alpinópolis
31,Minas Gerais,3110,Sul/Sudoeste de Minas,31049,Alfenas,3102001,Alterosa
31,Minas Gerais,3112,Zona da Mata,31061,Manhuaçu,3102050,Alto Caparaó
31,Minas Gerais,3112,Zona da Mata,31062,Viçosa,3102100,Alto Rio Doce
31,Minas Gerais,3108,Vale do Rio Doce,31041,Aimorés,3102209,Alvarenga
31,Minas Gerais,3107,Metropolitana de Belo Horizonte,31031,Itabira,3102308,Alvinópolis
31,Minas Gerais,3107,Metropolitana de Belo Horizonte,31028,Conceição do Mato Dentro,3102407,Alvorada de Minas
31,Minas Gerais,3112,Zona da Mata,31062,Viçosa,3102506,Amparo do Serra
31,Minas Gerais,3110,Sul/Sudoeste de Minas,31051,Poços de Caldas,3102605,Andradas
31,Minas Gerais,3103,Jequitinhonha,31013,Pedra Azul,3102704,Cachoeira de Pajeú
31,Minas Gerais,3110,Sul/Sudoeste de Minas,31055,Andrelândia,3102803,Andrelândia
31,Minas Gerais,3103,Jequitinhonha,31011,Capelinha,3102852,Angelândia
31,Minas Gerais,3111,Campo das Vertentes,31059,Barbacena,3102902,Antônio Carlos
31,Minas Gerais,3108,Vale do Rio Doce,31039,Ipatinga,3103009,Antônio Dias
31,Minas Gerais,3112,Zona da Mata,31063,Muriaé,3103108,Antônio Prado de Minas
31,Minas Gerais,3107,Metropolitana de Belo Horizonte,31027,Sete Lagoas,3103207,Araçaí
31,Minas Gerais,3112,Zona da Mata,31065,Juiz de Fora,3103306,Aracitaba
31,Minas Gerais,3103,Jequitinhonha,31012,Araçuaí,3103405,Araçuaí
31,Minas Gerais,3105,Triângulo Mineiro/Alto Paranaíba,31018,Uberlândia,3103504,Araguari
31,Minas Gerais,3110,Sul/Sudoeste de Minas,31055,Andrelândia,3103603,Arantina
31,Minas Gerais,3112,Zona da Mata,31062,Viçosa,3103702,Araponga
31,Minas Gerais,3105,Triângulo Mineiro/Alto Paranaíba,31018,Uberlândia,3103751,Araporã
31,Minas Gerais,3105,Triângulo Mineiro/Alto Paranaíba,31020,Patos de Minas,3103801,Arapuá
31,Minas Gerais,3106,Central Mineira,31026,Bom Despacho,3103900,Araújos
31,Minas Gerais,3105,Triângulo Mineiro/Alto Paranaíba,31023,Araxá,3104007,Araxá
31,Minas Gerais,3110,Sul/Sudoeste de Minas,31048,São Sebastião do Paraíso,3104106,Arceburgo
31,Minas Gerais,3109,Oeste de Minas,31044,Formiga,3104205,Arcos
31,Minas Gerais,3110,Sul/Sudoeste de Minas,31049,Alfenas,3104304,Areado
31,Minas Gerais,3112,Zona da Mata,31066,Cataguases,3104403,Argirita
31,Minas Gerais,3103,Jequitinhonha,31011,Capelinha,3104452,Aricanduva
31,Minas Gerais,3101,Noroeste de Minas,31001,Unaí,3104502,Arinos
31,Minas Gerais,3112,Zona da Mata,31064,Ubá,3104601,Astolfo Dutra
31,Minas Gerais,3104,Vale do Mucuri,31015,Teófilo Otoni,3104700,Ataléia
31,Minas Gerais,3106,Central Mineira,31025,Curvelo,3104809,Augusto de Lima
31,Minas Gerais,3110,Sul/Sudoeste de Minas,31054,São Lourenço,3104908,Baependi
31,Minas Gerais,3107,Metropolitana de Belo Horizonte,31027,Sete Lagoas,3105004,Baldim
31,Minas Gerais,3109,Oeste de Minas,31042,Piuí,3105103,Bambuí
31,Minas Gerais,3103,Jequitinhonha,31014,Almenara,3105202,Bandeira
31,Minas Gerais,3110,Sul/Sudoeste de Minas,31051,Poços de Caldas,3105301,Bandeira do Sul
31,Minas Gerais,3107,Metropolitana de Belo Horizonte,31031,Itabira,3105400,Barão de Cocais
31,Minas Gerais,3112,Zona da Mata,31063,Muriaé,3105509,Barão de Monte Alto
31,Minas Gerais,3111,Campo das Vertentes,31059,Barbacena,3105608,Barbacena
31,Minas Gerais,3112,Zona da Mata,31060,Ponte Nova,3105707,Barra Longa
31,Minas Gerais,3111,Campo das Vertentes,31059,Barbacena,3105905,Barroso
31,Minas Gerais,3107,Metropolitana de Belo Horizonte,31031,Itabira,3106002,Bela Vista de Minas
31,Minas Gerais,3112,Zona da Mata,31065,Juiz de Fora,3106101,Belmiro Braga
31,Minas Gerais,3107,Metropolitana de Belo Horizonte,31030,Belo Horizonte,3106200,Belo Horizonte
31,Minas Gerais,3108,Vale do Rio Doce,31039,Ipatinga,3106309,Belo Oriente
31,Minas Gerais,3107,Metropolitana de Belo Horizonte,31032,Itaguara,3106408,Belo Vale
31,Minas Gerais,3103,Jequitinhonha,31011,Capelinha,3106507,Berilo
31,Minas Gerais,3104,Vale do Mucuri,31016,Nanuque,3106606,Bertópolis
31,Minas Gerais,3102,Norte de Minas,31005,Salinas,3106655,Berizal
31,Minas Gerais,3107,Metropolitana de Belo Horizonte,31030,Belo Horizonte,3106705,Betim
31,Minas Gerais,3112,Zona da Mata,31065,Juiz de Fora,3106804,Bias Fortes
31,Minas Gerais,3112,Zona da Mata,31065,Juiz de Fora,3106903,Bicas
31,Minas Gerais,3106,Central Mineira,31024,Três Marias,3107000,Biquinhas
31,Minas Gerais,3110,Sul/Sudoeste de Minas,31050,Varginha,3107109,Boa Esperança
31,Minas Gerais,3110,Sul/Sudoeste de Minas,31055,Andrelândia,3107208,Bocaina de Minas
31,Minas Gerais,3102,Norte de Minas,31009,Bocaiúva,3107307,Bocaiúva
31,Minas Gerais,3106,Central Mineira,31026,Bom Despacho,3107406,Bom Despacho
31,Minas Gerais,3110,Sul/Sudoeste de Minas,31055,Andrelândia,3107505,Bom Jardim de Minas
31,Minas Gerais,3110,Sul/Sudoeste de Minas,31047,Passos,3107604,Bom Jesus da Penha
31,Minas Gerais,3107,Metropolitana de Belo Horizonte,31031,Itabira,3107703,Bom Jesus do Amparo
31,Minas Gerais,3108,Vale do Rio Doce,31040,Caratinga,3107802,Bom Jesus do Galho
31,Minas Gerais,3110,Sul/Sudoeste de Minas,31052,Pouso Alegre,3107901,Bom Repouso
31,Minas Gerais,3109,Oeste de Minas,31046,Oliveira,3108008,Bom Sucesso
31,Minas Gerais,3107,Metropolitana de Belo Horizonte,31032,Itaguara,3108107,Bonfim
31,Minas Gerais,3101,Noroeste de Minas,31001,Unaí,3108206,Bonfinópolis de Minas
31,Minas Gerais,3102,Norte de Minas,31003,Januária,3108255,Bonito de Minas
31,Minas Gerais,3110,Sul/Sudoeste de Minas,31052,Pouso Alegre,3108305,Borda da Mata
31,Minas Gerais,3110,Sul/Sudoeste de Minas,31051,Poços de Caldas,3108404,Botelhos
31,Minas Gerais,3102,Norte de Minas,31008,Grão Mogol,3108503,Botumirim
31,Minas Gerais,3101,Noroeste de Minas,31002,Paracatu,3108552,Brasilândia de Minas
31,Minas Gerais,3102,Norte de Minas,31007,Montes Claros,3108602,Brasília de Minas
31,Minas Gerais,3112,Zona da Mata,31062,Viçosa,3108701,Brás Pires
31,Minas Gerais,3108,Vale do Rio Doce,31035,Guanhães,3108800,Braúnas
31,Minas Gerais,3110,Sul/Sudoeste de Minas,31056,Itajubá,3108909,Brasópolis
31,Minas Gerais,3107,Metropolitana de Belo Horizonte,31030,Belo Horizonte,3109006,Brumadinho
31,Minas Gerais,3110,Sul/Sudoeste de Minas,31052,Pouso Alegre,3109105,Bueno Brandão
31,Minas Gerais,3106,Central Mineira,31025,Curvelo,3109204,Buenópolis
31,Minas Gerais,3108,Vale do Rio Doce,31040,Caratinga,3109253,Bugre
31,Minas Gerais,3101,Noroeste de Minas,31001,Unaí,3109303,Buritis
31,Minas Gerais,3102,Norte de Minas,31006,Pirapora,3109402,Buritizeiro
31,Minas Gerais,3101,Noroeste de Minas,31001,Unaí,3109451,Cabeceira Grande
31,Minas Gerais,3110,Sul/Sudoeste de Minas,31048,São Sebastião do Paraíso,3109501,Cabo Verde
31,Minas Gerais,3107,Metropolitana de Belo Horizonte,31027,Sete Lagoas,3109600,Cachoeira da Prata
31,Minas Gerais,3110,Sul/Sudoeste de Minas,31053,Santa Rita do Sapucaí,3109709,Cachoeira de Minas
31,Minas Gerais,3105,Triângulo Mineiro/Alto Paranaíba,31017,Ituiutaba,3109808,Cachoeira Dourada
31,Minas Gerais,3107,Metropolitana de Belo Horizonte,31027,Sete Lagoas,3109907,Caetanópolis
31,Minas Gerais,3107,Metropolitana de Belo Horizonte,31030,Belo Horizonte,3110004,Caeté
31,Minas Gerais,3112,Zona da Mata,31063,Muriaé,3110103,Caiana
31,Minas Gerais,3112,Zona da Mata,31062,Viçosa,3110202,Cajuri
31,Minas Gerais,3110,Sul/Sudoeste de Minas,31051,Poços de Caldas,3110301,Caldas
31,Minas Gerais,3109,Oeste de Minas,31044,Formiga,3110400,Camacho
31,Minas Gerais,3110,Sul/Sudoeste de Minas,31052,Pouso Alegre,3110509,Camanducaia
31,Minas Gerais,3110,Sul/Sudoeste de Minas,31052,Pouso Alegre,3110608,Cambuí
31,Minas Gerais,3110,Sul/Sudoeste de Minas,31054,São Lourenço,3110707,Cambuquira
31,Minas Gerais,3108,Vale do Rio Doce,31037,Governador Valadares,3110806,Campanário
31,Minas Gerais,3110,Sul/Sudoeste de Minas,31050,Varginha,3110905,Campanha
31,Minas Gerais,3110,Sul/Sudoeste de Minas,31051,Poços de Caldas,3111002,Campestre
31,Minas Gerais,3105,Triângulo Mineiro/Alto Paranaíba,31021,Frutal,3111101,Campina Verde
31,Minas Gerais,3102,Norte de Minas,31007,Montes Claros,3111150,Campo Azul
31,Minas Gerais,3109,Oeste de Minas,31045,Campo Belo,3111200,Campo Belo
31,Minas Gerais,3110,Sul/Sudoeste de Minas,31050,Varginha,3111309,Campo do Meio
31,Minas Gerais,3105,Triângulo Mineiro/Alto Paranaíba,31022,Uberaba,3111408,Campo Florido
31,Minas Gerais,3105,Triângulo Mineiro/Alto Paranaíba,31023,Araxá,3111507,Campos Altos
31,Minas Gerais,3110,Sul/Sudoeste de Minas,31050,Varginha,3111606,Campos Gerais
31,Minas Gerais,3112,Zona da Mata,31062,Viçosa,3111705,Canaã
31,Minas Gerais,3105,Triângulo Mineiro/Alto Paranaíba,31018,Uberlândia,3111804,Canápolis
31,Minas Gerais,3109,Oeste de Minas,31045,Campo Belo,3111903,Cana Verde
31,Minas Gerais,3109,Oeste de Minas,31045,Campo Belo,3112000,Candeias
31,Minas Gerais,3108,Vale do Rio Doce,31036,Peçanha,3112059,Cantagalo
31,Minas Gerais,3112,Zona da Mata,31061,Manhuaçu,3112109,Caparaó
31,Minas Gerais,3111,Campo das Vertentes,31059,Barbacena,3112208,Capela Nova
31,Minas Gerais,3103,Jequitinhonha,31011,Capelinha,3112307,Capelinha
31,Minas Gerais,3110,Sul/Sudoeste de Minas,31047,Passos,3112406,Capetinga
31,Minas Gerais,3107,Metropolitana de Belo Horizonte,31027,Sete Lagoas,3112505,Capim Branco
31,Minas Gerais,3105,Triângulo Mineiro/Alto Paranaíba,31017,Ituiutaba,3112604,Capinópolis
31,Minas Gerais,3108,Vale do Rio Doce,31037,Governador Valadares,3112653,Capitão Andrade
31,Minas Gerais,3102,Norte de Minas,31007,Montes Claros,3112703,Capitão Enéas
31,Minas Gerais,3110,Sul/Sudoeste de Minas,31047,Passos,3112802,Capitólio
31,Minas Gerais,3112,Zona da Mata,31061,Manhuaçu,3112901,Caputira
31,Minas Gerais,3103,Jequitinhonha,31012,Araçuaí,3113008,Caraí
31,Minas Gerais,3111,Campo das Vertentes,31059,Barbacena,3113107,Caranaíba
31,Minas Gerais,3111,Campo das Vertentes,31059,Barbacena,3113206,Carandaí
31,Minas Gerais,3112,Zona da Mata,31063,Muriaé,3113305,Carangola
31,Minas Gerais,3108,Vale do Rio Doce,31040,Caratinga,3113404,Caratinga
31,Minas Gerais,3103,Jequitinhonha,31011,Capelinha,3113503,Carbonita
31,Minas Gerais,3110,Sul/Sudoeste de Minas,31053,Santa Rita do Sapucaí,3113602,Careaçu
31,Minas Gerais,3104,Vale do Mucuri,31016,Nanuque,3113701,Carlos Chagas
31,Minas Gerais,3108,Vale do Rio Doce,31035,Guanhães,3113800,Carmésia
31,Minas Gerais,3110,Sul/Sudoeste de Minas,31050,Varginha,3113909,Carmo da Cachoeira
31,Minas Gerais,3109,Oeste de Minas,31046,Oliveira,3114006,Carmo da Mata
31,Minas Gerais,3110,Sul/Sudoeste de Minas,31054,São Lourenço,3114105,Carmo de Minas
31,Minas Gerais,3109,Oeste de Minas,31043,Divinópolis,3114204,Carmo do Cajuru
31,Minas Gerais,3105,Triângulo Mineiro/Alto Paranaíba,31020,Patos de Minas,3114303,Carmo do Paranaíba
31,Minas Gerais,3110,Sul/Sudoeste de Minas,31049,Alfenas,3114402,Carmo do Rio Claro
31,Minas Gerais,3109,Oeste de Minas,31046,Oliveira,3114501,Carmópolis de Minas
31,Minas Gerais,3105,Triângulo Mineiro/Alto Paranaíba,31021,Frutal,3114550,Carneirinho
31,Minas Gerais,3111,Campo das Vertentes,31057,Lavras,3114600,Carrancas
31,Minas Gerais,3110,Sul/Sudoeste de Minas,31049,Alfenas,3114709,Carvalhópolis
31,Minas Gerais,3110,Sul/Sudoeste de Minas,31055,Andrelândia,3114808,Carvalhos
31,Minas Gerais,3107,Metropolitana de Belo Horizonte,31034,Conselheiro Lafaiete,3114907,Casa Grande
31,Minas Gerais,3105,Triângulo Mineiro/Alto Paranaíba,31018,Uberlândia,3115003,Cascalho Rico
31,Minas Gerais,3110,Sul/Sudoeste de Minas,31047,Passos,3115102,Cássia
31,Minas Gerais,3111,Campo das Vertentes,31058,São João Del Rei,3115201,Conceição da Barra de Minas
31,Minas Gerais,3112,Zona da Mata,31066,Cataguases,3115300,Cataguases
31,Minas Gerais,3107,Metropolitana de Belo Horizonte,31031,Itabira,3115359,Catas Altas
31,Minas Gerais,3107,Metropolitana de Belo Horizonte,31034,Conselheiro Lafaiete,3115409,Catas Altas da Noruega
31,Minas Gerais,3104,Vale do Mucuri,31015,Teófilo Otoni,3115458,Catuji
31,Minas Gerais,3102,Norte de Minas,31004,Janaúba,3115474,Catuti
31,Minas Gerais,3110,Sul/Sudoeste de Minas,31054,São Lourenço,3115508,Caxambu
31,Minas Gerais,3106,Central Mineira,31024,Três Marias,3115607,Cedro do Abaeté
31,Minas Gerais,3108,Vale do Rio Doce,31038,Mantena,3115706,Central de Minas
31,Minas Gerais,3105,Triângulo Mineiro/Alto Paranaíba,31018,Uberlândia,3115805,Centralina
31,Minas Gerais,3112,Zona da Mata,31065,Juiz de Fora,3115904,Chácara
31,Minas Gerais,3112,Zona da Mata,31061,Manhuaçu,3116001,Chalé
31,Minas Gerais,3103,Jequitinhonha,31011,Capelinha,3116100,Chapada do Norte
31,Minas Gerais,3102,Norte de Minas,31003,Januária,3116159,Chapada Gaúcha
31,Minas Gerais,3112,Zona da Mata,31065,Juiz de Fora,3116209,Chiador
31,Minas Gerais,3112,Zona da Mata,31062,Viçosa,3116308,Cipotânea
31,Minas Gerais,3110,Sul/Sudoeste de Minas,31047,Passos,3116407,Claraval
31,Minas Gerais,3102,Norte de Minas,31007,Montes Claros,3116506,Claro dos Poções
31,Minas Gerais,3109,Oeste de Minas,31043,Divinópolis,3116605,Cláudio
31,Minas Gerais,3112,Zona da Mata,31062,Viçosa,3116704,Coimbra
31,Minas Gerais,3108,Vale do Rio Doce,31035,Guanhães,3116803,Coluna
31,Minas Gerais,3105,Triângulo Mineiro/Alto Paranaíba,31021,Frutal,3116902,Comendador Gomes
31,Minas Gerais,3103,Jequitinhonha,31013,Pedra Azul,3117009,Comercinho
31,Minas Gerais,3110,Sul/Sudoeste de Minas,31049,Alfenas,3117108,Conceição da Aparecida
31,Minas Gerais,3110,Sul/Sudoeste de Minas,31053,Santa Rita do Sapucaí,3117207,Conceição das Pedras
31,Minas Gerais,3105,Triângulo Mineiro/Alto Paranaíba,31022,Uberaba,3117306,Conceição das Alagoas
31,Minas Gerais,3108,Vale do Rio Doce,31041,Aimorés,3117405,Conceição de Ipanema
31,Minas Gerais,3107,Metropolitana de Belo Horizonte,31028,Conceição do Mato Dentro,3117504,Conceição do Mato Dentro
31,Minas Gerais,3109,Oeste de Minas,31043,Divinópolis,3117603,Conceição do Pará
31,Minas Gerais,3110,Sul/Sudoeste de Minas,31054,São Lourenço,3117702,Conceição do Rio Verde
31,Minas Gerais,3110,Sul/Sudoeste de Minas,31053,Santa Rita do Sapucaí,3117801,Conceição dos Ouros
31,Minas Gerais,3102,Norte de Minas,31003,Januária,3117836,Cônego Marinho
31,Minas Gerais,3107,Metropolitana de Belo Horizonte,31030,Belo Horizonte,3117876,Confins
31,Minas Gerais,3110,Sul/Sudoeste de Minas,31052,Pouso Alegre,3117900,Congonhal
31,Minas Gerais,3107,Metropolitana de Belo Horizonte,31034,Conselheiro Lafaiete,3118007,Congonhas
31,Minas Gerais,3107,Metropolitana de Belo Horizonte,31028,Conceição do Mato Dentro,3118106,Congonhas do Norte
31,Minas Gerais,3105,Triângulo Mineiro/Alto Paranaíba,31022,Uberaba,3118205,Conquista
31,Minas Gerais,3107,Metropolitana de Belo Horizonte,31034,Conselheiro Lafaiete,3118304,Conselheiro Lafaiete
31,Minas Gerais,3108,Vale do Rio Doce,31041,Aimorés,3118403,Conselheiro Pena
31,Minas Gerais,3110,Sul/Sudoeste de Minas,31056,Itajubá,3118502,Consolação
31,Minas Gerais,3107,Metropolitana de Belo Horizonte,31030,Belo Horizonte,3118601,Contagem
31,Minas Gerais,3110,Sul/Sudoeste de Minas,31050,Varginha,3118700,Coqueiral
31,Minas Gerais,3102,Norte de Minas,31007,Montes Claros,3118809,Coração de Jesus
31,Minas Gerais,3107,Metropolitana de Belo Horizonte,31027,Sete Lagoas,3118908,Cordisburgo
31,Minas Gerais,3110,Sul/Sudoeste de Minas,31053,Santa Rita do Sapucaí,3119005,Cordislândia
31,Minas Gerais,3106,Central Mineira,31025,Curvelo,3119104,Corinto
31,Minas Gerais,3108,Vale do Rio Doce,31037,Governador Valadares,3119203,Coroaci
31,Minas Gerais,3105,Triângulo Mineiro/Alto Paranaíba,31019,Patrocínio,3119302,Coromandel
31,Minas Gerais,3108,Vale do Rio Doce,31039,Ipatinga,3119401,Coronel Fabriciano
31,Minas Gerais,3103,Jequitinhonha,31012,Araçuaí,3119500,Coronel Murta
31,Minas Gerais,3112,Zona da Mata,31065,Juiz de Fora,3119609,Coronel Pacheco
31,Minas Gerais,3111,Campo das Vertentes,31058,São João Del Rei,3119708,Coronel Xavier Chaves
31,Minas Gerais,3109,Oeste de Minas,31042,Piuí,3119807,Córrego Danta
31,Minas Gerais,3110,Sul/Sudoeste de Minas,31052,Pouso Alegre,3119906,Córrego do Bom Jesus
31,Minas Gerais,3109,Oeste de Minas,31044,Formiga,3119955,Córrego Fundo
31,Minas Gerais,3108,Vale do Rio Doce,31040,Caratinga,3120003,Córrego Novo
31,Minas Gerais,3103,Jequitinhonha,31010,Diamantina,3120102,Couto de Magalhães de Minas
31,Minas Gerais,3104,Vale do Mucuri,31016,Nanuque,3120151,Crisólita
31,Minas Gerais,3109,Oeste de Minas,31045,Campo Belo,3120201,Cristais
31,Minas Gerais,3102,Norte de Minas,31008,Grão Mogol,3120300,Cristália
31,Minas Gerais,3107,Metropolitana de Belo Horizonte,31034,Conselheiro Lafaiete,3120409,Cristiano Otoni
31,Minas Gerais,3110,Sul/Sudoeste de Minas,31056,Itajubá,3120508,Cristina
31,Minas Gerais,3107,Metropolitana de Belo Horizonte,31032,Itaguara,3120607,Crucilândia
31,Minas Gerais,3105,Triângulo Mineiro/Alto Paranaíba,31019,Patrocínio,3120706,Cruzeiro da Fortaleza
31,Minas Gerais,3110,Sul/Sudoeste de Minas,31055,Andrelândia,3120805,Cruzília
31,Minas Gerais,3108,Vale do Rio Doce,31041,Aimorés,3120839,Cuparaque
31,Minas Gerais,3102,Norte de Minas,31005,Salinas,3120870,Curral de Dentro
31,Minas Gerais,3106,Central Mineira,31025,Curvelo,3120904,Curvelo
31,Minas Gerais,3103,Jequitinhonha,31010,Diamantina,3121001,Datas
31,Minas Gerais,3110,Sul/Sudoeste de Minas,31056,Itajubá,3121100,Delfim Moreira
31,Minas Gerais,3110,Sul/Sudoeste de Minas,31047,Passos,3121209,Delfinópolis
31,Minas Gerais,3105,Triângulo Mineiro/Alto Paranaíba,31022,Uberaba,3121258,Delta
31,Minas Gerais,3112,Zona da Mata,31065,Juiz de Fora,3121308,Descoberto
31,Minas Gerais,3107,Metropolitana de Belo Horizonte,31034,Conselheiro Lafaiete,3121407,Desterro de Entre Rios
31,Minas Gerais,3111,Campo das Vertentes,31059,Barbacena,3121506,Desterro do Melo
31,Minas Gerais,3103,Jequitinhonha,31010,Diamantina,3121605,Diamantina
31,Minas Gerais,3107,Metropolitana de Belo Horizonte,31033,Ouro Preto,3121704,Diogo de Vasconcelos
31,Minas Gerais,3107,Metropolitana de Belo Horizonte,31031,Itabira,3121803,Dionísio
31,Minas Gerais,3112,Zona da Mata,31064,Ubá,3121902,Divinésia
31,Minas Gerais,3112,Zona da Mata,31063,Muriaé,3122009,Divino
31,Minas Gerais,3108,Vale do Rio Doce,31037,Governador Valadares,3122108,Divino das Laranjeiras
31,Minas Gerais,3108,Vale do Rio Doce,31035,Guanhães,3122207,Divinolândia de Minas
31,Minas Gerais,3109,Oeste de Minas,31043,Divinópolis,3122306,Divinópolis
31,Minas Gerais,3102,Norte de Minas,31005,Salinas,3122355,Divisa Alegre
31,Minas Gerais,3110,Sul/Sudoeste de Minas,31049,Alfenas,3122405,Divisa Nova
31,Minas Gerais,3103,Jequitinhonha,31014,Almenara,3122454,Divisópolis
31,Minas Gerais,3101,Noroeste de Minas,31001,Unaí,3122470,Dom Bosco
31,Minas Gerais,3108,Vale do Rio Doce,31040,Caratinga,3122504,Dom Cavati
31,Minas Gerais,3107,Metropolitana de Belo Horizonte,31028,Conceição do Mato Dentro,3122603,Dom Joaquim
31,Minas Gerais,3112,Zona da Mata,31060,Ponte Nova,3122702,Dom Silvério
31,Minas Gerais,3110,Sul/Sudoeste de Minas,31056,Itajubá,3122801,Dom Viçoso
31,Minas Gerais,3112,Zona da Mata,31066,Cataguases,3122900,Dona Eusébia
31,Minas Gerais,3111,Campo das Vertentes,31058,São João Del Rei,3123007,Dores de Campos
31,Minas Gerais,3108,Vale do Rio Doce,31035,Guanhães,3123106,Dores de Guanhães
31,Minas Gerais,3106,Central Mineira,31026,Bom Despacho,3123205,Dores do Indaiá
31,Minas Gerais,3112,Zona da Mata,31064,Ubá,3123304,Dores do Turvo
31,Minas Gerais,3109,Oeste de Minas,31042,Piuí,3123403,Doresópolis
31,Minas Gerais,3105,Triângulo Mineiro/Alto Paranaíba,31019,Patrocínio,3123502,Douradoquara
31,Minas Gerais,3112,Zona da Mata,31061,Manhuaçu,3123528,Durandé
31,Minas Gerais,3110,Sul/Sudoeste de Minas,31050,Varginha,3123601,Elói Mendes
31,Minas Gerais,3108,Vale do Rio Doce,31037,Governador Valadares,3123700,Engenheiro Caldas
31,Minas Gerais,3102,Norte de Minas,31009,Bocaiúva,3123809,Engenheiro Navarro
31,Minas Gerais,3108,Vale do Rio Doce,31040,Caratinga,3123858,Entre Folhas
31,Minas Gerais,3107,Metropolitana de Belo Horizonte,31034,Conselheiro Lafaiete,3123908,Entre Rios de Minas
31,Minas Gerais,3112,Zona da Mata,31062,Viçosa,3124005,Ervália
31,Minas Gerais,3107,Metropolitana de Belo Horizonte,31030,Belo Horizonte,3124104,Esmeraldas
31,Minas Gerais,3112,Zona da Mata,31063,Muriaé,3124203,Espera Feliz
31,Minas Gerais,3102,Norte de Minas,31004,Janaúba,3124302,Espinosa
31,Minas Gerais,3110,Sul/Sudoeste de Minas,31052,Pouso Alegre,3124401,Espírito Santo do Dourado
31,Minas Gerais,3110,Sul/Sudoeste de Minas,31052,Pouso Alegre,3124500,Estiva
31,Minas Gerais,3112,Zona da Mata,31066,Cataguases,3124609,Estrela Dalva
31,Minas Gerais,3106,Central Mineira,31026,Bom Despacho,3124708,Estrela do Indaiá
31,Minas Gerais,3105,Triângulo Mineiro/Alto Paranaíba,31019,Patrocínio,3124807,Estrela do Sul
31,Minas Gerais,3112,Zona da Mata,31063,Muriaé,3124906,Eugenópolis
31,Minas Gerais,3112,Zona da Mata,31065,Juiz de Fora,3125002,Ewbank da Câmara
31,Minas Gerais,3110,Sul/Sudoeste de Minas,31052,Pouso Alegre,3125101,Extrema
31,Minas Gerais,3110,Sul/Sudoeste de Minas,31049,Alfenas,3125200,Fama
31,Minas Gerais,3112,Zona da Mata,31063,Muriaé,3125309,Faria Lemos
31,Minas Gerais,3103,Jequitinhonha,31010,Diamantina,3125408,Felício dos Santos
31,Minas Gerais,3103,Jequitinhonha,31010,Diamantina,3125507,São Gonçalo do Rio Preto
31,Minas Gerais,3103,Jequitinhonha,31014,Almenara,3125606,Felisburgo
31,Minas Gerais,3106,Central Mineira,31025,Curvelo,3125705,Felixlândia
31,Minas Gerais,3108,Vale do Rio Doce,31037,Governador Valadares,3125804,Fernandes Tourinho
31,Minas Gerais,3107,Metropolitana de Belo Horizonte,31031,Itabira,3125903,Ferros
31,Minas Gerais,3112,Zona da Mata,31063,Muriaé,3125952,Fervedouro
31,Minas Gerais,3107,Metropolitana de Belo Horizonte,31029,Pará de Minas,3126000,Florestal
31,Minas Gerais,3109,Oeste de Minas,31044,Formiga,3126109,Formiga
31,Minas Gerais,3101,Noroeste de Minas,31001,Unaí,3126208,Formoso
31,Minas Gerais,3110,Sul/Sudoeste de Minas,31047,Passos,3126307,Fortaleza de Minas
31,Minas Gerais,3107,Metropolitana de Belo Horizonte,31027,Sete Lagoas,3126406,Fortuna de Minas
31,Minas Gerais,3103,Jequitinhonha,31011,Capelinha,3126505,Francisco Badaró
31,Minas Gerais,3102,Norte de Minas,31009,Bocaiúva,3126604,Francisco Dumont
31,Minas Gerais,3102,Norte de Minas,31007,Montes Claros,3126703,Francisco Sá
31,Minas Gerais,3104,Vale do Mucuri,31015,Teófilo Otoni,3126752,Franciscópolis
31,Minas Gerais,3104,Vale do Mucuri,31015,Teófilo Otoni,3126802,Frei Gaspar
31,Minas Gerais,3108,Vale do Rio Doce,31037,Governador Valadares,3126901,Frei Inocêncio
31,Minas Gerais,3108,Vale do Rio Doce,31036,Peçanha,3126950,Frei Lagonegro
31,Minas Gerais,3105,Triângulo Mineiro/Alto Paranaíba,31021,Frutal,3127008,Fronteira
31,Minas Gerais,3104,Vale do Mucuri,31016,Nanuque,3127057,Fronteira dos Vales
31,Minas Gerais,3102,Norte de Minas,31005,Salinas,3127073,Fruta de Leite
31,Minas Gerais,3105,Triângulo Mineiro/Alto Paranaíba,31021,Frutal,3127107,Frutal
31,Minas Gerais,3107,Metropolitana de Belo Horizonte,31027,Sete Lagoas,3127206,Funilândia
31,Minas Gerais,3108,Vale do Rio Doce,31037,Governador Valadares,3127305,Galiléia
31,Minas Gerais,3102,Norte de Minas,31004,Janaúba,3127339,Gameleiras
31,Minas Gerais,3102,Norte de Minas,31007,Montes Claros,3127354,Glaucilândia
31,Minas Gerais,3108,Vale do Rio Doce,31041,Aimorés,3127370,Goiabeira
31,Minas Gerais,3112,Zona da Mata,31065,Juiz de Fora,3127388,Goianá
31,Minas Gerais,3110,Sul/Sudoeste de Minas,31052,Pouso Alegre,3127404,Gonçalves
31,Minas Gerais,3108,Vale do Rio Doce,31035,Guanhães,3127503,Gonzaga
31,Minas Gerais,3103,Jequitinhonha,31010,Diamantina,3127602,Gouveia
31,Minas Gerais,3108,Vale do Rio Doce,31037,Governador Valadares,3127701,Governador Valadares
31,Minas Gerais,3102,Norte de Minas,31008,Grão Mogol,3127800,Grão Mogol
31,Minas Gerais,3105,Triângulo Mineiro/Alto Paranaíba,31019,Patrocínio,3127909,Grupiara
31,Minas Gerais,3108,Vale do Rio Doce,31035,Guanhães,3128006,Guanhães
31,Minas Gerais,3110,Sul/Sudoeste de Minas,31050,Varginha,3128105,Guapé
31,Minas Gerais,3112,Zona da Mata,31060,Ponte Nova,3128204,Guaraciaba
31,Minas Gerais,3102,Norte de Minas,31009,Bocaiúva,3128253,Guaraciama
31,Minas Gerais,3110,Sul/Sudoeste de Minas,31048,São Sebastião do Paraíso,3128303,Guaranésia
31,Minas Gerais,3112,Zona da Mata,31064,Ubá,3128402,Guarani
31,Minas Gerais,3112,Zona da Mata,31065,Juiz de Fora,3128501,Guarará
31,Minas Gerais,3101,Noroeste de Minas,31002,Paracatu,3128600,Guarda-Mor
31,Minas Gerais,3110,Sul/Sudoeste de Minas,31048,São Sebastião do Paraíso,3128709,Guaxupé
31,Minas Gerais,3112,Zona da Mata,31064,Ubá,3128808,Guidoval
31,Minas Gerais,3105,Triângulo Mineiro/Alto Paranaíba,31020,Patos de Minas,3128907,Guimarânia
31,Minas Gerais,3112,Zona da Mata,31064,Ubá,3129004,Guiricema
31,Minas Gerais,3105,Triângulo Mineiro/Alto Paranaíba,31017,Ituiutaba,3129103,Gurinhatã
31,Minas Gerais,3110,Sul/Sudoeste de Minas,31053,Santa Rita do Sapucaí,3129202,Heliodora
31,Minas Gerais,3108,Vale do Rio Doce,31040,Caratinga,3129301,Iapu
31,Minas Gerais,3111,Campo das Vertentes,31059,Barbacena,3129400,Ibertioga
31,Minas Gerais,3105,Triângulo Mineiro/Alto Paranaíba,31023,Araxá,3129509,Ibiá
31,Minas Gerais,3102,Norte de Minas,31006,Pirapora,3129608,Ibiaí
31,Minas Gerais,3102,Norte de Minas,31007,Montes Claros,3129657,Ibiracatu
31,Minas Gerais,3110,Sul/Sudoeste de Minas,31047,Passos,3129707,Ibiraci
31,Minas Gerais,3107,Metropolitana de Belo Horizonte,31030,Belo Horizonte,3129806,Ibirité
31,Minas Gerais,3110,Sul/Sudoeste de Minas,31051,Poços de Caldas,3129905,Ibitiúra de Minas
31,Minas Gerais,3109,Oeste de Minas,31046,Oliveira,3130002,Ibituruna
31,Minas Gerais,3102,Norte de Minas,31003,Januária,3130051,Icaraí de Minas
31,Minas Gerais,3107,Metropolitana de Belo Horizonte,31030,Belo Horizonte,3130101,Igarapé
31,Minas Gerais,3109,Oeste de Minas,31043,Divinópolis,3130200,Igaratinga
31,Minas Gerais,3109,Oeste de Minas,31042,Piuí,3130309,Iguatama
31,Minas Gerais,3111,Campo das Vertentes,31057,Lavras,3130408,Ijaci
31,Minas Gerais,3110,Sul/Sudoeste de Minas,31050,Varginha,3130507,Ilicínea
31,Minas Gerais,3108,Vale do Rio Doce,31040,Caratinga,3130556,Imbé de Minas
31,Minas Gerais,3110,Sul/Sudoeste de Minas,31051,Poços de Caldas,3130606,Inconfidentes
31,Minas Gerais,3102,Norte de Minas,31005,Salinas,3130655,Indaiabira
31,Minas Gerais,3105,Triângulo Mineiro/Alto Paranaíba,31018,Uberlândia,3130705,Indianópolis
31,Minas Gerais,3111,Campo das Vertentes,31057,Lavras,3130804,Ingaí
31,Minas Gerais,3108,Vale do Rio Doce,31040,Caratinga,3130903,Inhapim
31,Minas Gerais,3107,Metropolitana de Belo Horizonte,31027,Sete Lagoas,3131000,Inhaúma
31,Minas Gerais,3106,Central Mineira,31025,Curvelo,3131109,Inimutaba
31,Minas Gerais,3108,Vale do Rio Doce,31040,Caratinga,3131158,Ipaba
31,Minas Gerais,3108,Vale do Rio Doce,31041,Aimorés,3131208,Ipanema
31,Minas Gerais,3108,Vale do Rio Doce,31039,Ipatinga,3131307,Ipatinga
31,Minas Gerais,3105,Triângulo Mineiro/Alto Paranaíba,31017,Ituiutaba,3131406,Ipiaçu
31,Minas Gerais,3110,Sul/Sudoeste de Minas,31052,Pouso Alegre,3131505,Ipuiúna
31,Minas Gerais,3105,Triângulo Mineiro/Alto Paranaíba,31019,Patrocínio,3131604,Iraí de Minas
31,Minas Gerais,3107,Metropolitana de Belo Horizonte,31031,Itabira,3131703,Itabira
31,Minas Gerais,3108,Vale do Rio Doce,31038,Mantena,3131802,Itabirinha
31,Minas Gerais,3107,Metropolitana de Belo Horizonte,31033,Ouro Preto,3131901,Itabirito
31,Minas Gerais,3102,Norte de Minas,31008,Grão Mogol,3132008,Itacambira
31,Minas Gerais,3102,Norte de Minas,31003,Januária,3132107,Itacarambi
31,Minas Gerais,3107,Metropolitana de Belo Horizonte,31032,Itaguara,3132206,Itaguara
31,Minas Gerais,3104,Vale do Mucuri,31015,Teófilo Otoni,3132305,Itaipé
31,Minas Gerais,3110,Sul/Sudoeste de Minas,31056,Itajubá,3132404,Itajubá
31,Minas Gerais,3103,Jequitinhonha,31011,Capelinha,3132503,Itamarandiba
31,Minas Gerais,3112,Zona da Mata,31066,Cataguases,3132602,Itamarati de Minas
31,Minas Gerais,3108,Vale do Rio Doce,31037,Governador Valadares,3132701,Itambacuri
31,Minas Gerais,3107,Metropolitana de Belo Horizonte,31028,Conceição do Mato Dentro,3132800,Itambé do Mato Dentro
31,Minas Gerais,3110,Sul/Sudoeste de Minas,31048,São Sebastião do Paraíso,3132909,Itamogi
31,Minas Gerais,3110,Sul/Sudoeste de Minas,31054,São Lourenço,3133006,Itamonte
31,Minas Gerais,3110,Sul/Sudoeste de Minas,31054,São Lourenço,3133105,Itanhandu
31,Minas Gerais,3108,Vale do Rio Doce,31037,Governador Valadares,3133204,Itanhomi
31,Minas Gerais,3103,Jequitinhonha,31013,Pedra Azul,3133303,Itaobim
31,Minas Gerais,3105,Triângulo Mineiro/Alto Paranaíba,31021,Frutal,3133402,Itapagipe
31,Minas Gerais,3109,Oeste de Minas,31044,Formiga,3133501,Itapecerica
31,Minas Gerais,3110,Sul/Sudoeste de Minas,31052,Pouso Alegre,3133600,Itapeva
31,Minas Gerais,3107,Metropolitana de Belo Horizonte,31032,Itaguara,3133709,Itatiaiuçu
31,Minas Gerais,3110,Sul/Sudoeste de Minas,31047,Passos,3133758,Itaú de Minas
31,Minas Gerais,3109,Oeste de Minas,31043,Divinópolis,3133808,Itaúna
31,Minas Gerais,3107,Metropolitana de Belo Horizonte,31034,Conselheiro Lafaiete,3133907,Itaverava
31,Minas Gerais,3103,Jequitinhonha,31012,Araçuaí,3134004,Itinga
31,Minas Gerais,3108,Vale do Rio Doce,31041,Aimorés,3134103,Itueta
31,Minas Gerais,3105,Triângulo Mineiro/Alto Paranaíba,31017,Ituiutaba,3134202,Ituiutaba
31,Minas Gerais,3111,Campo das Vertentes,31057,Lavras,3134301,Itumirim
31,Minas Gerais,3105,Triângulo Mineiro/Alto Paranaíba,31021,Frutal,3134400,Iturama
31,Minas Gerais,3111,Campo das Vertentes,31057,Lavras,3134509,Itutinga
31,Minas Gerais,3107,Metropolitana de Belo Horizonte,31027,Sete Lagoas,3134608,Jaboticatubas
31,Minas Gerais,3103,Jequitinhonha,31014,Almenara,3134707,Jacinto
31,Minas Gerais,3110,Sul/Sudoeste de Minas,31048,São Sebastião do Paraíso,3134806,Jacuí
31,Minas Gerais,3110,Sul/Sudoeste de Minas,31051,Poços de Caldas,3134905,Jacutinga
31,Minas Gerais,3108,Vale do Rio Doce,31039,Ipatinga,3135001,Jaguaraçu
31,Minas Gerais,3102,Norte de Minas,31004,Janaúba,3135050,Jaíba
31,Minas Gerais,3108,Vale do Rio Doce,31037,Governador Valadares,3135076,Jampruca
31,Minas Gerais,3102,Norte de Minas,31004,Janaúba,3135100,Janaúba
31,Minas Gerais,3102,Norte de Minas,31003,Januária,3135209,Januária
31,Minas Gerais,3106,Central Mineira,31026,Bom Despacho,3135308,Japaraíba
31,Minas Gerais,3102,Norte de Minas,31007,Montes Claros,3135357,Japonvar
31,Minas Gerais,3107,Metropolitana de Belo Horizonte,31032,Itaguara,3135407,Jeceaba
31,Minas Gerais,3103,Jequitinhonha,31011,Capelinha,3135456,Jenipapo de Minas
31,Minas Gerais,3112,Zona da Mata,31060,Ponte Nova,3135506,Jequeri
31,Minas Gerais,3102,Norte de Minas,31006,Pirapora,3135605,Jequitaí
31,Minas Gerais,3107,Metropolitana de Belo Horizonte,31027,Sete Lagoas,3135704,Jequitibá
31,Minas Gerais,3103,Jequitinhonha,31014,Almenara,3135803,Jequitinhonha
31,Minas Gerais,3110,Sul/Sudoeste de Minas,31054,São Lourenço,3135902,Jesuânia
31,Minas Gerais,3103,Jequitinhonha,31014,Almenara,3136009,Joaíma
31,Minas Gerais,3108,Vale do Rio Doce,31039,Ipatinga,3136108,Joanésia
31,Minas Gerais,3107,Metropolitana de Belo Horizonte,31031,Itabira,3136207,João Monlevade
31,Minas Gerais,3101,Noroeste de Minas,31002,Paracatu,3136306,João Pinheiro
31,Minas Gerais,3106,Central Mineira,31025,Curvelo,3136405,Joaquim Felício
31,Minas Gerais,3103,Jequitinhonha,31014,Almenara,3136504,Jordânia
31,Minas Gerais,3103,Jequitinhonha,31011,Capelinha,3136520,José Gonçalves de Minas
31,Minas Gerais,3108,Vale do Rio Doce,31036,Peçanha,3136553,José Raydan
31,Minas Gerais,3102,Norte de Minas,31008,Grão Mogol,3136579,Josenópolis
31,Minas Gerais,3107,Metropolitana de Belo Horizonte,31031,Itabira,3136603,Nova União
31,Minas Gerais,3107,Metropolitana de Belo Horizonte,31030,Belo Horizonte,3136652,Juatuba
31,Minas Gerais,3112,Zona da Mata,31065,Juiz de Fora,3136702,Juiz de Fora
31,Minas Gerais,3102,Norte de Minas,31007,Montes Claros,3136801,Juramento
31,Minas Gerais,3110,Sul/Sudoeste de Minas,31048,São Sebastião do Paraíso,3136900,Juruaia
31,Minas Gerais,3102,Norte de Minas,31003,Januária,3136959,Juvenília
31,Minas Gerais,3104,Vale do Mucuri,31015,Teófilo Otoni,3137007,Ladainha
31,Minas Gerais,3101,Noroeste de Minas,31002,Paracatu,3137106,Lagamar
31,Minas Gerais,3106,Central Mineira,31026,Bom Despacho,3137205,Lagoa da Prata
31,Minas Gerais,3102,Norte de Minas,31006,Pirapora,3137304,Lagoa dos Patos
31,Minas Gerais,3111,Campo das Vertentes,31058,São João Del Rei,3137403,Lagoa Dourada
31,Minas Gerais,3105,Triângulo Mineiro/Alto Paranaíba,31020,Patos de Minas,3137502,Lagoa Formosa
31,Minas Gerais,3101,Noroeste de Minas,31002,Paracatu,3137536,Lagoa Grande
31,Minas Gerais,3107,Metropolitana de Belo Horizonte,31030,Belo Horizonte,3137601,Lagoa Santa
31,Minas Gerais,3112,Zona da Mata,31061,Manhuaçu,3137700,Lajinha
31,Minas Gerais,3110,Sul/Sudoeste de Minas,31054,São Lourenço,3137809,Lambari
31,Minas Gerais,3112,Zona da Mata,31062,Viçosa,3137908,Lamim
31,Minas Gerais,3112,Zona da Mata,31066,Cataguases,3138005,Laranjal
31,Minas Gerais,3102,Norte de Minas,31006,Pirapora,3138104,Lassance
31,Minas Gerais,3111,Campo das Vertentes,31057,Lavras,3138203,Lavras
31,Minas Gerais,3106,Central Mineira,31026,Bom Despacho,3138302,Leandro Ferreira
31,Minas Gerais,3103,Jequitinhonha,31011,Capelinha,3138351,Leme do Prado
31,Minas Gerais,3112,Zona da Mata,31066,Cataguases,3138401,Leopoldina
31,Minas Gerais,3110,Sul/Sudoeste de Minas,31055,Andrelândia,3138500,Liberdade
31,Minas Gerais,3112,Zona da Mata,31065,Juiz de Fora,3138609,Lima Duarte
31,Minas Gerais,3105,Triângulo Mineiro/Alto Paranaíba,31021,Frutal,3138625,Limeira do Oeste
31,Minas Gerais,3102,Norte de Minas,31007,Montes Claros,3138658,Lontra
31,Minas Gerais,3112,Zona da Mata,31061,Manhuaçu,3138674,Luisburgo
31,Minas Gerais,3102,Norte de Minas,31007,Montes Claros,3138682,Luislândia
31,Minas Gerais,3111,Campo das Vertentes,31057,Lavras,3138708,Luminárias
31,Minas Gerais,3106,Central Mineira,31026,Bom Despacho,3138807,Luz
31,Minas Gerais,3104,Vale do Mucuri,31016,Nanuque,3138906,Machacalis
31,Minas Gerais,3110,Sul/Sudoeste de Minas,31049,Alfenas,3139003,Machado
31,Minas Gerais,3111,Campo das Vertentes,31058,São João Del Rei,3139102,Madre de Deus de Minas
31,Minas Gerais,3104,Vale do Mucuri,31015,Teófilo Otoni,3139201,Malacacheta
31,Minas Gerais,3102,Norte de Minas,31004,Janaúba,3139250,Mamonas
31,Minas Gerais,3102,Norte de Minas,31003,Januária,3139300,Manga
31,Minas Gerais,3112,Zona da Mata,31061,Manhuaçu,3139409,Manhuaçu
31,Minas Gerais,3112,Zona da Mata,31061,Manhuaçu,3139508,Manhumirim
31,Minas Gerais,3108,Vale do Rio Doce,31038,Mantena,3139607,Mantena
31,Minas Gerais,3107,Metropolitana de Belo Horizonte,31027,Sete Lagoas,3139706,Maravilhas
31,Minas Gerais,3112,Zona da Mata,31065,Juiz de Fora,3139805,Mar de Espanha
31,Minas Gerais,3110,Sul/Sudoeste de Minas,31056,Itajubá,3139904,Maria da Fé
31,Minas Gerais,3107,Metropolitana de Belo Horizonte,31033,Ouro Preto,3140001,Mariana
31,Minas Gerais,3108,Vale do Rio Doce,31037,Governador Valadares,3140100,Marilac
31,Minas Gerais,3107,Metropolitana de Belo Horizonte,31030,Belo Horizonte,3140159,Mário Campos
31,Minas Gerais,3112,Zona da Mata,31065,Juiz de Fora,3140209,Maripá de Minas
31,Minas Gerais,3108,Vale do Rio Doce,31039,Ipatinga,3140308,Marliéria
31,Minas Gerais,3110,Sul/Sudoeste de Minas,31056,Itajubá,3140407,Marmelópolis
31,Minas Gerais,3106,Central Mineira,31026,Bom Despacho,3140506,Martinho Campos
31,Minas Gerais,3112,Zona da Mata,31061,Manhuaçu,3140530,Martins Soares
31,Minas Gerais,3103,Jequitinhonha,31014,Almenara,3140555,Mata Verde
31,Minas Gerais,3108,Vale do Rio Doce,31035,Guanhães,3140605,Materlândia
31,Minas Gerais,3107,Metropolitana de Belo Horizonte,31030,Belo Horizonte,3140704,Mateus Leme
31,Minas Gerais,3112,Zona da Mata,31065,Juiz de Fora,3140803,Matias Barbosa
31,Minas Gerais,3102,Norte de Minas,31003,Januária,3140852,Matias Cardoso
31,Minas Gerais,3112,Zona da Mata,31061,Manhuaçu,3140902,Matipó
31,Minas Gerais,3102,Norte de Minas,31004,Janaúba,3141009,Mato Verde
31,Minas Gerais,3107,Metropolitana de Belo Horizonte,31027,Sete Lagoas,3141108,Matozinhos
31,Minas Gerais,3105,Triângulo Mineiro/Alto Paranaíba,31020,Patos de Minas,3141207,Matutina
31,Minas Gerais,3109,Oeste de Minas,31042,Piuí,3141306,Medeiros
31,Minas Gerais,3103,Jequitinhonha,31013,Pedra Azul,3141405,Medina
31,Minas Gerais,3108,Vale do Rio Doce,31038,Mantena,3141504,Mendes Pimentel
31,Minas Gerais,3112,Zona da Mata,31064,Ubá,3141603,Mercês
31,Minas Gerais,3108,Vale do Rio Doce,31039,Ipatinga,3141702,Mesquita
31,Minas Gerais,3103,Jequitinhonha,31011,Capelinha,3141801,Minas Novas
31,Minas Gerais,3110,Sul/Sudoeste de Minas,31055,Andrelândia,3141900,Minduri
31,Minas Gerais,3102,Norte de Minas,31007,Montes Claros,3142007,Mirabela
31,Minas Gerais,3112,Zona da Mata,31063,Muriaé,3142106,Miradouro
31,Minas Gerais,3112,Zona da Mata,31063,Muriaé,3142205,Miraí
31,Minas Gerais,3102,Norte de Minas,31003,Januária,3142254,Miravânia
31,Minas Gerais,3107,Metropolitana de Belo Horizonte,31032,Itaguara,3142304,Moeda
31,Minas Gerais,3106,Central Mineira,31026,Bom Despacho,3142403,Moema
31,Minas Gerais,3106,Central Mineira,31025,Curvelo,3142502,Monjolos
31,Minas Gerais,3110,Sul/Sudoeste de Minas,31050,Varginha,3142601,Monsenhor Paulo
31,Minas Gerais,3102,Norte de Minas,31003,Januária,3142700,Montalvânia
31,Minas Gerais,3105,Triângulo Mineiro/Alto Paranaíba,31018,Uberlândia,3142809,Monte Alegre de Minas
31,Minas Gerais,3102,Norte de Minas,31004,Janaúba,3142908,Monte Azul
31,Minas Gerais,3110,Sul/Sudoeste de Minas,31048,São Sebastião do Paraíso,3143005,Monte Belo
31,Minas Gerais,3105,Triângulo Mineiro/Alto Paranaíba,31019,Patrocínio,3143104,Monte Carmelo
31,Minas Gerais,3103,Jequitinhonha,31014,Almenara,3143153,Monte Formoso
31,Minas Gerais,3110,Sul/Sudoeste de Minas,31048,São Sebastião do Paraíso,3143203,Monte Santo de Minas
31,Minas Gerais,3102,Norte de Minas,31007,Montes Claros,3143302,Montes Claros
31,Minas Gerais,3110,Sul/Sudoeste de Minas,31051,Poços de Caldas,3143401,Monte Sião
31,Minas Gerais,3102,Norte de Minas,31005,Salinas,3143450,Montezuma
31,Minas Gerais,3106,Central Mineira,31024,Três Marias,3143500,Morada Nova de Minas
31,Minas Gerais,3106,Central Mineira,31025,Curvelo,3143609,Morro da Garça
31,Minas Gerais,3107,Metropolitana de Belo Horizonte,31028,Conceição do Mato Dentro,3143708,Morro do Pilar
31,Minas Gerais,3110,Sul/Sudoeste de Minas,31052,Pouso Alegre,3143807,Munhoz
31,Minas Gerais,3112,Zona da Mata,31063,Muriaé,3143906,Muriaé
31,Minas Gerais,3108,Vale do Rio Doce,31041,Aimorés,3144003,Mutum
31,Minas Gerais,3110,Sul/Sudoeste de Minas,31048,São Sebastião do Paraíso,3144102,Muzambinho
31,Minas Gerais,3108,Vale do Rio Doce,31037,Governador Valadares,3144201,Nacip Raydan
31,Minas Gerais,3104,Vale do Mucuri,31016,Nanuque,3144300,Nanuque
31,Minas Gerais,3108,Vale do Rio Doce,31039,Ipatinga,3144359,Naque
31,Minas Gerais,3101,Noroeste de Minas,31001,Unaí,3144375,Natalândia
31,Minas Gerais,3110,Sul/Sudoeste de Minas,31053,Santa Rita do Sapucaí,3144409,Natércia
31,Minas Gerais,3111,Campo das Vertentes,31058,São João Del Rei,3144508,Nazareno
31,Minas Gerais,3111,Campo das Vertentes,31057,Lavras,3144607,Nepomuceno
31,Minas Gerais,3102,Norte de Minas,31005,Salinas,3144656,Ninheira
31,Minas Gerais,3108,Vale do Rio Doce,31038,Mantena,3144672,Nova Belém
31,Minas Gerais,3107,Metropolitana de Belo Horizonte,31031,Itabira,3144706,Nova Era
31,Minas Gerais,3107,Metropolitana de Belo Horizonte,31030,Belo Horizonte,3144805,Nova Lima
31,Minas Gerais,3108,Vale do Rio Doce,31037,Governador Valadares,3144904,Nova Módica
31,Minas Gerais,3105,Triângulo Mineiro/Alto Paranaíba,31023,Araxá,3145000,Nova Ponte
31,Minas Gerais,3102,Norte de Minas,31004,Janaúba,3145059,Nova Porteirinha
31,Minas Gerais,3110,Sul/Sudoeste de Minas,31048,São Sebastião do Paraíso,3145109,Nova Resende
31,Minas Gerais,3109,Oeste de Minas,31043,Divinópolis,3145208,Nova Serrana
31,Minas Gerais,3103,Jequitinhonha,31012,Araçuaí,3145307,Novo Cruzeiro
31,Minas Gerais,3104,Vale do Mucuri,31015,Teófilo Otoni,3145356,Novo Oriente de Minas
31,Minas Gerais,3102,Norte de Minas,31005,Salinas,3145372,Novorizonte
31,Minas Gerais,3112,Zona da Mata,31065,Juiz de Fora,3145406,Olaria
31,Minas Gerais,3102,Norte de Minas,31009,Bocaiúva,3145455,Olhos-d'Água
31,Minas Gerais,3110,Sul/Sudoeste de Minas,31054,São Lourenço,3145505,Olímpio Noronha
31,Minas Gerais,3109,Oeste de Minas,31046,Oliveira,3145604,Oliveira
31,Minas Gerais,3112,Zona da Mata,31065,Juiz de Fora,3145703,Oliveira Fortes
31,Minas Gerais,3107,Metropolitana de Belo Horizonte,31029,Pará de Minas,3145802,Onça de Pitangui
31,Minas Gerais,3112,Zona da Mata,31060,Ponte Nova,3145851,Oratórios
31,Minas Gerais,3112,Zona da Mata,31063,Muriaé,3145877,Orizânia
31,Minas Gerais,3107,Metropolitana de Belo Horizonte,31034,Conselheiro Lafaiete,3145901,Ouro Branco
31,Minas Gerais,3110,Sul/Sudoeste de Minas,31051,Poços de Caldas,3146008,Ouro Fino
31,Minas Gerais,3107,Metropolitana de Belo Horizonte,31033,Ouro Preto,3146107,Ouro Preto
31,Minas Gerais,3104,Vale do Mucuri,31015,Teófilo Otoni,3146206,Ouro Verde de Minas
31,Minas Gerais,3102,Norte de Minas,31008,Grão Mogol,3146255,Padre Carvalho
31,Minas Gerais,3103,Jequitinhonha,31012,Araçuaí,3146305,Padre Paraíso
31,Minas Gerais,3106,Central Mineira,31024,Três Marias,3146404,Paineiras
31,Minas Gerais,3109,Oeste de Minas,31044,Formiga,3146503,Pains
31,Minas Gerais,3102,Norte de Minas,31004,Janaúba,3146552,Pai Pedro
31,Minas Gerais,3112,Zona da Mata,31065,Juiz de Fora,3146602,Paiva
31,Minas Gerais,3112,Zona da Mata,31066,Cataguases,3146701,Palma
31,Minas Gerais,3103,Jequitinhonha,31014,Almenara,3146750,Palmópolis
31,Minas Gerais,3107,Metropolitana de Belo Horizonte,31027,Sete Lagoas,3146909,Papagaios
31,Minas Gerais,3101,Noroeste de Minas,31002,Paracatu,3147006,Paracatu
31,Minas Gerais,3107,Metropolitana de Belo Horizonte,31029,Pará de Minas,3147105,Pará de Minas
31,Minas Gerais,3110,Sul/Sudoeste de Minas,31049,Alfenas,3147204,Paraguaçu
31,Minas Gerais,3110,Sul/Sudoeste de Minas,31056,Itajubá,3147303,Paraisópolis
31,Minas Gerais,3107,Metropolitana de Belo Horizonte,31027,Sete Lagoas,3147402,Paraopeba
31,Minas Gerais,3107,Metropolitana de Belo Horizonte,31028,Conceição do Mato Dentro,3147501,Passabém
31,Minas Gerais,3110,Sul/Sudoeste de Minas,31054,São Lourenço,3147600,Passa Quatro
31,Minas Gerais,3109,Oeste de Minas,31046,Oliveira,3147709,Passa Tempo
31,Minas Gerais,3110,Sul/Sudoeste de Minas,31055,Andrelândia,3147808,Passa-Vinte
31,Minas Gerais,3110,Sul/Sudoeste de Minas,31047,Passos,3147907,Passos
31,Minas Gerais,3102,Norte de Minas,31007,Montes Claros,3147956,Patis
31,Minas Gerais,3105,Triângulo Mineiro/Alto Paranaíba,31020,Patos de Minas,3148004,Patos de Minas
31,Minas Gerais,3105,Triângulo Mineiro/Alto Paranaíba,31019,Patrocínio,3148103,Patrocínio
31,Minas Gerais,3112,Zona da Mata,31063,Muriaé,3148202,Patrocínio do Muriaé
31,Minas Gerais,3112,Zona da Mata,31062,Viçosa,3148301,Paula Cândido
31,Minas Gerais,3108,Vale do Rio Doce,31035,Guanhães,3148400,Paulistas
31,Minas Gerais,3104,Vale do Mucuri,31015,Teófilo Otoni,3148509,Pavão
31,Minas Gerais,3108,Vale do Rio Doce,31036,Peçanha,3148608,Peçanha
31,Minas Gerais,3103,Jequitinhonha,31013,Pedra Azul,3148707,Pedra Azul
31,Minas Gerais,3112,Zona da Mata,31061,Manhuaçu,3148756,Pedra Bonita
31,Minas Gerais,3112,Zona da Mata,31062,Viçosa,3148806,Pedra do Anta
31,Minas Gerais,3109,Oeste de Minas,31044,Formiga,3148905,Pedra do Indaiá
31,Minas Gerais,3112,Zona da Mata,31063,Muriaé,3149002,Pedra Dourada
31,Minas Gerais,3110,Sul/Sudoeste de Minas,31053,Santa Rita do Sapucaí,3149101,Pedralva
31,Minas Gerais,3102,Norte de Minas,31003,Januária,3149150,Pedras de Maria da Cruz
31,Minas Gerais,3105,Triângulo Mineiro/Alto Paranaíba,31023,Araxá,3149200,Pedrinópolis
31,Minas Gerais,3107,Metropolitana de Belo Horizonte,31030,Belo Horizonte,3149309,Pedro Leopoldo
31,Minas Gerais,3112,Zona da Mata,31065,Juiz de Fora,3149408,Pedro Teixeira
31,Minas Gerais,3112,Zona da Mata,31065,Juiz de Fora,3149507,Pequeri
31,Minas Gerais,3107,Metropolitana de Belo Horizonte,31027,Sete Lagoas,3149606,Pequi
31,Minas Gerais,3109,Oeste de Minas,31043,Divinópolis,3149705,Perdigão
31,Minas Gerais,3105,Triângulo Mineiro/Alto Paranaíba,31023,Araxá,3149804,Perdizes
31,Minas Gerais,3109,Oeste de Minas,31045,Campo Belo,3149903,Perdões
31,Minas Gerais,3108,Vale do Rio Doce,31039,Ipatinga,3149952,Periquito
31,Minas Gerais,3108,Vale do Rio Doce,31037,Governador Valadares,3150000,Pescador
31,Minas Gerais,3112,Zona da Mata,31065,Juiz de Fora,3150109,Piau
31,Minas Gerais,3108,Vale do Rio Doce,31040,Caratinga,3150158,Piedade de Caratinga
31,Minas Gerais,3112,Zona da Mata,31060,Ponte Nova,3150208,Piedade de Ponte Nova
31,Minas Gerais,3111,Campo das Vertentes,31058,São João Del Rei,3150307,Piedade do Rio Grande
31,Minas Gerais,3107,Metropolitana de Belo Horizonte,31032,Itaguara,3150406,Piedade dos Gerais
31,Minas Gerais,3109,Oeste de Minas,31044,Formiga,3150505,Pimenta
31,Minas Gerais,3108,Vale do Rio Doce,31040,Caratinga,3150539,Pingo-d'Água
31,Minas Gerais,3102,Norte de Minas,31003,Januária,3150570,Pintópolis
31,Minas Gerais,3109,Oeste de Minas,31046,Oliveira,3150604,Piracema
31,Minas Gerais,3105,Triângulo Mineiro/Alto Paranaíba,31021,Frutal,3150703,Pirajuba
31,Minas Gerais,3112,Zona da Mata,31062,Viçosa,3150802,Piranga
31,Minas Gerais,3110,Sul/Sudoeste de Minas,31056,Itajubá,3150901,Piranguçu
31,Minas Gerais,3110,Sul/Sudoeste de Minas,31056,Itajubá,3151008,Piranguinho
31,Minas Gerais,3112,Zona da Mata,31066,Cataguases,3151107,Pirapetinga
31,Minas Gerais,3102,Norte de Minas,31006,Pirapora,3151206,Pirapora
31,Minas Gerais,3112,Zona da Mata,31064,Ubá,3151305,Piraúba
31,Minas Gerais,3107,Metropolitana de Belo Horizonte,31029,Pará de Minas,3151404,Pitangui
31,Minas Gerais,3109,Oeste de Minas,31042,Piuí,3151503,Piumhi
31,Minas Gerais,3105,Triângulo Mineiro/Alto Paranaíba,31021,Frutal,3151602,Planura
31,Minas Gerais,3110,Sul/Sudoeste de Minas,31049,Alfenas,3151701,Poço Fundo
31,Minas Gerais,3110,Sul/Sudoeste de Minas,31051,Poços de Caldas,3151800,Poços de Caldas
31,Minas Gerais,3108,Vale do Rio Doce,31041,Aimorés,3151909,Pocrane
31,Minas Gerais,3106,Central Mineira,31024,Três Marias,3152006,Pompéu
31,Minas Gerais,3112,Zona da Mata,31060,Ponte Nova,3152105,Ponte Nova
31,Minas Gerais,3102,Norte de Minas,31007,Montes Claros,3152131,Ponto Chique
31,Minas Gerais,3103,Jequitinhonha,31012,Araçuaí,3152170,Ponto dos Volantes
31,Minas Gerais,3102,Norte de Minas,31004,Janaúba,3152204,Porteirinha
31,Minas Gerais,3112,Zona da Mata,31062,Viçosa,3152303,Porto Firme
31,Minas Gerais,3104,Vale do Mucuri,31015,Teófilo Otoni,3152402,Poté
31,Minas Gerais,3110,Sul/Sudoeste de Minas,31052,Pouso Alegre,3152501,Pouso Alegre
31,Minas Gerais,3110,Sul/Sudoeste de Minas,31054,São Lourenço,3152600,Pouso Alto
31,Minas Gerais,3111,Campo das Vertentes,31058,São João Del Rei,3152709,Prados
31,Minas Gerais,3105,Triângulo Mineiro/Alto Paranaíba,31018,Uberlândia,3152808,Prata
31,Minas Gerais,3110,Sul/Sudoeste de Minas,31047,Passos,3152907,Pratápolis
31,Minas Gerais,3105,Triângulo Mineiro/Alto Paranaíba,31023,Araxá,3153004,Pratinha
31,Minas Gerais,3112,Zona da Mata,31062,Viçosa,3153103,Presidente Bernardes
31,Minas Gerais,3106,Central Mineira,31025,Curvelo,3153202,Presidente Juscelino
31,Minas Gerais,3103,Jequitinhonha,31010,Diamantina,3153301,Presidente Kubitschek
31,Minas Gerais,3101,Noroeste de Minas,31002,Paracatu,3153400,Presidente Olegário
31,Minas Gerais,3112,Zona da Mata,31061,Manhuaçu,3153509,Alto Jequitibá
31,Minas Gerais,3107,Metropolitana de Belo Horizonte,31027,Sete Lagoas,3153608,Prudente de Morais
31,Minas Gerais,3106,Central Mineira,31026,Bom Despacho,3153707,Quartel Geral
31,Minas Gerais,3107,Metropolitana de Belo Horizonte,31034,Conselheiro Lafaiete,3153806,Queluzito
31,Minas Gerais,3107,Metropolitana de Belo Horizonte,31030,Belo Horizonte,3153905,Raposos
31,Minas Gerais,3112,Zona da Mata,31060,Ponte Nova,3154002,Raul Soares
31,Minas Gerais,3112,Zona da Mata,31066,Cataguases,3154101,Recreio
31,Minas Gerais,3112,Zona da Mata,31061,Manhuaçu,3154150,Reduto
31,Minas Gerais,3111,Campo das Vertentes,31058,São João Del Rei,3154200,Resende Costa
31,Minas Gerais,3108,Vale do Rio Doce,31041,Aimorés,3154309,Resplendor
31,Minas Gerais,3111,Campo das Vertentes,31059,Barbacena,3154408,Ressaquinha
31,Minas Gerais,3102,Norte de Minas,31006,Pirapora,3154457,Riachinho
31,Minas Gerais,3102,Norte de Minas,31004,Janaúba,3154507,Riacho dos Machados
31,Minas Gerais,3107,Metropolitana de Belo Horizonte,31030,Belo Horizonte,3154606,Ribeirão das Neves
31,Minas Gerais,3111,Campo das Vertentes,31057,Lavras,3154705,Ribeirão Vermelho
31,Minas Gerais,3107,Metropolitana de Belo Horizonte,31030,Belo Horizonte,3154804,Rio Acima
31,Minas Gerais,3112,Zona da Mata,31060,Ponte Nova,3154903,Rio Casca
31,Minas Gerais,3112,Zona da Mata,31060,Ponte Nova,3155009,Rio Doce
31,Minas Gerais,3103,Jequitinhonha,31014,Almenara,3155108,Rio do Prado
31,Minas Gerais,3112,Zona da Mata,31062,Viçosa,3155207,Rio Espera
31,Minas Gerais,3107,Metropolitana de Belo Horizonte,31032,Itaguara,3155306,Rio Manso
31,Minas Gerais,3112,Zona da Mata,31065,Juiz de Fora,3155405,Rio Novo
31,Minas Gerais,3105,Triângulo Mineiro/Alto Paranaíba,31020,Patos de Minas,3155504,Rio Paranaíba
31,Minas Gerais,3102,Norte de Minas,31005,Salinas,3155603,Rio Pardo de Minas
31,Minas Gerais,3107,Metropolitana de Belo Horizonte,31031,Itabira,3155702,Rio Piracicaba
31,Minas Gerais,3112,Zona da Mata,31064,Ubá,3155801,Rio Pomba
31,Minas Gerais,3112,Zona da Mata,31065,Juiz de Fora,3155900,Rio Preto
31,Minas Gerais,3107,Metropolitana de Belo Horizonte,31028,Conceição do Mato Dentro,3156007,Rio Vermelho
31,Minas Gerais,3111,Campo das Vertentes,31058,São João Del Rei,3156106,Ritápolis
31,Minas Gerais,3112,Zona da Mata,31065,Juiz de Fora,3156205,Rochedo de Minas
31,Minas Gerais,3112,Zona da Mata,31064,Ubá,3156304,Rodeiro
31,Minas Gerais,3105,Triângulo Mineiro/Alto Paranaíba,31019,Patrocínio,3156403,Romaria
31,Minas Gerais,3112,Zona da Mata,31063,Muriaé,3156452,Rosário da Limeira
31,Minas Gerais,3102,Norte de Minas,31005,Salinas,3156502,Rubelita
31,Minas Gerais,3103,Jequitinhonha,31014,Almenara,3156601,Rubim
31,Minas Gerais,3107,Metropolitana de Belo Horizonte,31030,Belo Horizonte,3156700,Sabará
31,Minas Gerais,3108,Vale do Rio Doce,31035,Guanhães,3156809,Sabinópolis
31,Minas Gerais,3105,Triângulo Mineiro/Alto Paranaíba,31023,Araxá,3156908,Sacramento
31,Minas Gerais,3102,Norte de Minas,31005,Salinas,3157005,Salinas
31,Minas Gerais,3103,Jequitinhonha,31014,Almenara,3157104,Salto da Divisa
31,Minas Gerais,3107,Metropolitana de Belo Horizonte,31031,Itabira,3157203,Santa Bárbara
31,Minas Gerais,3108,Vale do Rio Doce,31040,Caratinga,3157252,Santa Bárbara do Leste
31,Minas Gerais,3112,Zona da Mata,31065,Juiz de Fora,3157278,Santa Bárbara do Monte Verde
31,Minas Gerais,3111,Campo das Vertentes,31059,Barbacena,3157302,Santa Bárbara do Tugúrio
31,Minas Gerais,3111,Campo das Vertentes,31058,São João Del Rei,3157336,Santa Cruz de Minas
31,Minas Gerais,3102,Norte de Minas,31005,Salinas,3157377,Santa Cruz de Salinas
31,Minas Gerais,3112,Zona da Mata,31060,Ponte Nova,3157401,Santa Cruz do Escalvado
31,Minas Gerais,3108,Vale do Rio Doce,31035,Guanhães,3157500,Santa Efigênia de Minas
31,Minas Gerais,3102,Norte de Minas,31006,Pirapora,3157609,Santa Fé de Minas
31,Minas Gerais,3104,Vale do Mucuri,31016,Nanuque,3157658,Santa Helena de Minas
31,Minas Gerais,3105,Triângulo Mineiro/Alto Paranaíba,31023,Araxá,3157708,Santa Juliana
31,Minas Gerais,3107,Metropolitana de Belo Horizonte,31030,Belo Horizonte,3157807,Santa Luzia
31,Minas Gerais,3112,Zona da Mata,31061,Manhuaçu,3157906,Santa Margarida
31,Minas Gerais,3107,Metropolitana de Belo Horizonte,31031,Itabira,3158003,Santa Maria de Itabira
31,Minas Gerais,3103,Jequitinhonha,31014,Almenara,3158102,Santa Maria do Salto
31,Minas Gerais,3108,Vale do Rio Doce,31036,Peçanha,3158201,Santa Maria do Suaçuí
31,Minas Gerais,3110,Sul/Sudoeste de Minas,31050,Varginha,3158300,Santana da Vargem
31,Minas Gerais,3112,Zona da Mata,31066,Cataguases,3158409,Santana de Cataguases
31,Minas Gerais,3107,Metropolitana de Belo Horizonte,31027,Sete Lagoas,3158508,Santana de Pirapama
31,Minas Gerais,3112,Zona da Mata,31065,Juiz de Fora,3158607,Santana do Deserto
31,Minas Gerais,3111,Campo das Vertentes,31058,São João Del Rei,3158706,Santana do Garambéu
31,Minas Gerais,3109,Oeste de Minas,31045,Campo Belo,3158805,Santana do Jacaré
31,Minas Gerais,3112,Zona da Mata,31061,Manhuaçu,3158904,Santana do Manhuaçu
31,Minas Gerais,3108,Vale do Rio Doce,31039,Ipatinga,3158953,Santana do Paraíso
31,Minas Gerais,3107,Metropolitana de Belo Horizonte,31027,Sete Lagoas,3159001,Santana do Riacho
31,Minas Gerais,3107,Metropolitana de Belo Horizonte,31034,Conselheiro Lafaiete,3159100,Santana dos Montes
31,Minas Gerais,3110,Sul/Sudoeste de Minas,31051,Poços de Caldas,3159209,Santa Rita de Caldas
31,Minas Gerais,3112,Zona da Mata,31065,Juiz de Fora,3159308,Santa Rita de Jacutinga
31,Minas Gerais,3108,Vale do Rio Doce,31040,Caratinga,3159357,Santa Rita de Minas
31,Minas Gerais,3112,Zona da Mata,31065,Juiz de Fora,3159407,Santa Rita de Ibitipoca
31,Minas Gerais,3108,Vale do Rio Doce,31041,Aimorés,3159506,Santa Rita do Itueto
31,Minas Gerais,3110,Sul/Sudoeste de Minas,31053,Santa Rita do Sapucaí,3159605,Santa Rita do Sapucaí
31,Minas Gerais,3105,Triângulo Mineiro/Alto Paranaíba,31020,Patos de Minas,3159704,Santa Rosa da Serra
31,Minas Gerais,3105,Triângulo Mineiro/Alto Paranaíba,31017,Ituiutaba,3159803,Santa Vitória
31,Minas Gerais,3109,Oeste de Minas,31046,Oliveira,3159902,Santo Antônio do Amparo
31,Minas Gerais,3112,Zona da Mata,31066,Cataguases,3160009,Santo Antônio do Aventureiro
31,Minas Gerais,3112,Zona da Mata,31060,Ponte Nova,3160108,Santo Antônio do Grama
31,Minas Gerais,3107,Metropolitana de Belo Horizonte,31028,Conceição do Mato Dentro,3160207,Santo Antônio do Itambé
31,Minas Gerais,3103,Jequitinhonha,31014,Almenara,3160306,Santo Antônio do Jacinto
31,Minas Gerais,3109,Oeste de Minas,31043,Divinópolis,3160405,Santo Antônio do Monte
31,Minas Gerais,3102,Norte de Minas,31005,Salinas,3160454,Santo Antônio do Retiro
31,Minas Gerais,3107,Metropolitana de Belo Horizonte,31028,Conceição do Mato Dentro,3160504,Santo Antônio do Rio Abaixo
31,Minas Gerais,3106,Central Mineira,31025,Curvelo,3160603,Santo Hipólito
31,Minas Gerais,3112,Zona da Mata,31065,Juiz de Fora,3160702,Santos Dumont
31,Minas Gerais,3110,Sul/Sudoeste de Minas,31050,Varginha,3160801,São Bento Abade
31,Minas Gerais,3107,Metropolitana de Belo Horizonte,31034,Conselheiro Lafaiete,3160900,São Brás do Suaçuí
31,Minas Gerais,3108,Vale do Rio Doce,31040,Caratinga,3160959,São Domingos das Dores
31,Minas Gerais,3107,Metropolitana de Belo Horizonte,31031,Itabira,3161007,São Domingos do Prata
31,Minas Gerais,3108,Vale do Rio Doce,31038,Mantena,3161056,São Félix de Minas
31,Minas Gerais,3102,Norte de Minas,31003,Januária,3161106,São Francisco
31,Minas Gerais,3109,Oeste de Minas,31046,Oliveira,3161205,São Francisco de Paula
31,Minas Gerais,3105,Triângulo Mineiro/Alto Paranaíba,31021,Frutal,3161304,São Francisco de Sales
31,Minas Gerais,3112,Zona da Mata,31063,Muriaé,3161403,São Francisco do Glória
31,Minas Gerais,3112,Zona da Mata,31064,Ubá,3161502,São Geraldo
31,Minas Gerais,3108,Vale do Rio Doce,31037,Governador Valadares,3161601,São Geraldo da Piedade
31,Minas Gerais,3108,Vale do Rio Doce,31037,Governador Valadares,3161650,São Geraldo do Baixio
31,Minas Gerais,3101,Noroeste de Minas,31002,Paracatu,3161700,São Gonçalo do Abaeté
31,Minas Gerais,3109,Oeste de Minas,31043,Divinópolis,3161809,São Gonçalo do Pará
31,Minas Gerais,3107,Metropolitana de Belo Horizonte,31031,Itabira,3161908,São Gonçalo do Rio Abaixo
31,Minas Gerais,3110,Sul/Sudoeste de Minas,31053,Santa Rita do Sapucaí,3162005,São Gonçalo do Sapucaí
31,Minas Gerais,3105,Triângulo Mineiro/Alto Paranaíba,31020,Patos de Minas,3162104,São Gotardo
31,Minas Gerais,3110,Sul/Sudoeste de Minas,31047,Passos,3162203,São João Batista do Glória
31,Minas Gerais,3102,Norte de Minas,31007,Montes Claros,3162252,São João da Lagoa
31,Minas Gerais,3110,Sul/Sudoeste de Minas,31053,Santa Rita do Sapucaí,3162302,São João da Mata
31,Minas Gerais,3102,Norte de Minas,31007,Montes Claros,3162401,São João da Ponte
31,Minas Gerais,3102,Norte de Minas,31003,Januária,3162450,São João das Missões
31,Minas Gerais,3111,Campo das Vertentes,31058,São João Del Rei,3162500,São João del Rei
31,Minas Gerais,3112,Zona da Mata,31061,Manhuaçu,3162559,São João do Manhuaçu
31,Minas Gerais,3108,Vale do Rio Doce,31038,Mantena,3162575,São João do Manteninha
31,Minas Gerais,3108,Vale do Rio Doce,31040,Caratinga,3162609,São João do Oriente
31,Minas Gerais,3102,Norte de Minas,31007,Montes Claros,3162658,São João do Pacuí
31,Minas Gerais,3102,Norte de Minas,31005,Salinas,3162708,São João do Paraíso
31,Minas Gerais,3108,Vale do Rio Doce,31035,Guanhães,3162807,São João Evangelista
31,Minas Gerais,3112,Zona da Mata,31065,Juiz de Fora,3162906,São João Nepomuceno
31,Minas Gerais,3107,Metropolitana de Belo Horizonte,31030,Belo Horizonte,3162922,São Joaquim de Bicas
31,Minas Gerais,3110,Sul/Sudoeste de Minas,31047,Passos,3162948,São José da Barra
31,Minas Gerais,3107,Metropolitana de Belo Horizonte,31030,Belo Horizonte,3162955,São José da Lapa
31,Minas Gerais,3108,Vale do Rio Doce,31037,Governador Valadares,3163003,São José da Safira
31,Minas Gerais,3107,Metropolitana de Belo Horizonte,31029,Pará de Minas,3163102,São José da Varginha
31,Minas Gerais,3110,Sul/Sudoeste de Minas,31053,Santa Rita do Sapucaí,3163201,São José do Alegre
31,Minas Gerais,3108,Vale do Rio Doce,31037,Governador Valadares,3163300,São José do Divino
31,Minas Gerais,3107,Metropolitana de Belo Horizonte,31031,Itabira,3163409,São José do Goiabal
31,Minas Gerais,3108,Vale do Rio Doce,31036,Peçanha,3163508,São José do Jacuri
31,Minas Gerais,3112,Zona da Mata,31061,Manhuaçu,3163607,São José do Mantimento
31,Minas Gerais,3110,Sul/Sudoeste de Minas,31054,São Lourenço,3163706,São Lourenço
31,Minas Gerais,3112,Zona da Mata,31062,Viçosa,3163805,São Miguel do Anta
31,Minas Gerais,3110,Sul/Sudoeste de Minas,31048,São Sebastião do Paraíso,3163904,São Pedro da União
31,Minas Gerais,3112,Zona da Mata,31060,Ponte Nova,3164001,São Pedro dos Ferros
31,Minas Gerais,3108,Vale do Rio Doce,31036,Peçanha,3164100,São Pedro do Suaçuí
31,Minas Gerais,3102,Norte de Minas,31006,Pirapora,3164209,São Romão
31,Minas Gerais,3109,Oeste de Minas,31042,Piuí,3164308,São Roque de Minas
31,Minas Gerais,3110,Sul/Sudoeste de Minas,31053,Santa Rita do Sapucaí,3164407,São Sebastião da Bela Vista
31,Minas Gerais,3112,Zona da Mata,31063,Muriaé,3164431,São Sebastião da Vargem Alegre
31,Minas Gerais,3108,Vale do Rio Doce,31040,Caratinga,3164472,São Sebastião do Anta
31,Minas Gerais,3108,Vale do Rio Doce,31036,Peçanha,3164506,São Sebastião do Maranhão
31,Minas Gerais,3109,Oeste de Minas,31043,Divinópolis,3164605,São Sebastião do Oeste
31,Minas Gerais,3110,Sul/Sudoeste de Minas,31048,São Sebastião do Paraíso,3164704,São Sebastião do Paraíso
31,Minas Gerais,3107,Metropolitana de Belo Horizonte,31028,Conceição do Mato Dentro,3164803,São Sebastião do Rio Preto
31,Minas Gerais,3110,Sul/Sudoeste de Minas,31054,São Lourenço,3164902,São Sebastião do Rio Verde
31,Minas Gerais,3111,Campo das Vertentes,31058,São João Del Rei,3165008,São Tiago
31,Minas Gerais,3110,Sul/Sudoeste de Minas,31048,São Sebastião do Paraíso,3165107,São Tomás de Aquino
31,Minas Gerais,3110,Sul/Sudoeste de Minas,31050,Varginha,3165206,São Thomé das Letras
31,Minas Gerais,3110,Sul/Sudoeste de Minas,31055,Andrelândia,3165305,São Vicente de Minas
31,Minas Gerais,3110,Sul/Sudoeste de Minas,31052,Pouso Alegre,3165404,Sapucaí-Mirim
31,Minas Gerais,3108,Vale do Rio Doce,31035,Guanhães,3165503,Sardoá
31,Minas Gerais,3107,Metropolitana de Belo Horizonte,31030,Belo Horizonte,3165537,Sarzedo
31,Minas Gerais,3104,Vale do Mucuri,31015,Teófilo Otoni,3165552,Setubinha
31,Minas Gerais,3112,Zona da Mata,31060,Ponte Nova,3165560,Sem-Peixe
31,Minas Gerais,3110,Sul/Sudoeste de Minas,31052,Pouso Alegre,3165578,Senador Amaral
31,Minas Gerais,3112,Zona da Mata,31065,Juiz de Fora,3165602,Senador Cortes
31,Minas Gerais,3112,Zona da Mata,31064,Ubá,3165701,Senador Firmino
31,Minas Gerais,3110,Sul/Sudoeste de Minas,31052,Pouso Alegre,3165800,Senador José Bento
31,Minas Gerais,3103,Jequitinhonha,31010,Diamantina,3165909,Senador Modestino Gonçalves
31,Minas Gerais,3112,Zona da Mata,31062,Viçosa,3166006,Senhora de Oliveira
31,Minas Gerais,3108,Vale do Rio Doce,31035,Guanhães,3166105,Senhora do Porto
31,Minas Gerais,3111,Campo das Vertentes,31059,Barbacena,3166204,Senhora dos Remédios
31,Minas Gerais,3112,Zona da Mata,31060,Ponte Nova,3166303,Sericita
31,Minas Gerais,3110,Sul/Sudoeste de Minas,31055,Andrelândia,3166402,Seritinga
31,Minas Gerais,3107,Metropolitana de Belo Horizonte,31028,Conceição do Mato Dentro,3166501,Serra Azul de Minas
31,Minas Gerais,3106,Central Mineira,31026,Bom Despacho,3166600,Serra da Saudade
31,Minas Gerais,3104,Vale do Mucuri,31016,Nanuque,3166709,Serra dos Aimorés
31,Minas Gerais,3105,Triângulo Mineiro/Alto Paranaíba,31019,Patrocínio,3166808,Serra do Salitre
31,Minas Gerais,3110,Sul/Sudoeste de Minas,31049,Alfenas,3166907,Serrania
31,Minas Gerais,3102,Norte de Minas,31004,Janaúba,3166956,Serranópolis de Minas
31,Minas Gerais,3110,Sul/Sudoeste de Minas,31055,Andrelândia,3167004,Serranos
31,Minas Gerais,3107,Metropolitana de Belo Horizonte,31028,Conceição do Mato Dentro,3167103,Serro
31,Minas Gerais,3107,Metropolitana de Belo Horizonte,31027,Sete Lagoas,3167202,Sete Lagoas
31,Minas Gerais,3112,Zona da Mata,31064,Ubá,3167301,Silveirânia
31,Minas Gerais,3110,Sul/Sudoeste de Minas,31053,Santa Rita do Sapucaí,3167400,Silvianópolis
31,Minas Gerais,3112,Zona da Mata,31065,Juiz de Fora,3167509,Simão Pereira
31,Minas Gerais,3112,Zona da Mata,31061,Manhuaçu,3167608,Simonésia
31,Minas Gerais,3108,Vale do Rio Doce,31037,Governador Valadares,3167707,Sobrália
31,Minas Gerais,3110,Sul/Sudoeste de Minas,31054,São Lourenço,3167806,Soledade de Minas
31,Minas Gerais,3112,Zona da Mata,31064,Ubá,3167905,Tabuleiro
31,Minas Gerais,3102,Norte de Minas,31005,Salinas,3168002,Taiobeiras
31,Minas Gerais,3108,Vale do Rio Doce,31041,Aimorés,3168051,Taparuba
31,Minas Gerais,3105,Triângulo Mineiro/Alto Paranaíba,31023,Araxá,3168101,Tapira
31,Minas Gerais,3109,Oeste de Minas,31042,Piuí,3168200,Tapiraí
31,Minas Gerais,3107,Metropolitana de Belo Horizonte,31031,Itabira,3168309,Taquaraçu de Minas
31,Minas Gerais,3108,Vale do Rio Doce,31040,Caratinga,3168408,Tarumirim
31,Minas Gerais,3112,Zona da Mata,31062,Viçosa,3168507,Teixeiras
31,Minas Gerais,3104,Vale do Mucuri,31015,Teófilo Otoni,3168606,Teófilo Otoni
31,Minas Gerais,3108,Vale do Rio Doce,31039,Ipatinga,3168705,Timóteo
31,Minas Gerais,3111,Campo das Vertentes,31058,São João Del Rei,3168804,Tiradentes
31,Minas Gerais,3105,Triângulo Mineiro/Alto Paranaíba,31020,Patos de Minas,3168903,Tiros
31,Minas Gerais,3112,Zona da Mata,31064,Ubá,3169000,Tocantins
31,Minas Gerais,3110,Sul/Sudoeste de Minas,31052,Pouso Alegre,3169059,Tocos do Moji
31,Minas Gerais,3110,Sul/Sudoeste de Minas,31052,Pouso Alegre,3169109,Toledo
31,Minas Gerais,3112,Zona da Mata,31063,Muriaé,3169208,Tombos
31,Minas Gerais,3110,Sul/Sudoeste de Minas,31050,Varginha,3169307,Três Corações
31,Minas Gerais,3106,Central Mineira,31024,Três Marias,3169356,Três Marias
31,Minas Gerais,3110,Sul/Sudoeste de Minas,31050,Varginha,3169406,Três Pontas
31,Minas Gerais,3108,Vale do Rio Doce,31037,Governador Valadares,3169505,Tumiritinga
31,Minas Gerais,3105,Triângulo Mineiro/Alto Paranaíba,31018,Uberlândia,3169604,Tupaciguara
31,Minas Gerais,3103,Jequitinhonha,31011,Capelinha,3169703,Turmalina
31,Minas Gerais,3110,Sul/Sudoeste de Minas,31053,Santa Rita do Sapucaí,3169802,Turvolândia
31,Minas Gerais,3112,Zona da Mata,31064,Ubá,3169901,Ubá
31,Minas Gerais,3102,Norte de Minas,31007,Montes Claros,3170008,Ubaí
31,Minas Gerais,3108,Vale do Rio Doce,31040,Caratinga,3170057,Ubaporanga
31,Minas Gerais,3105,Triângulo Mineiro/Alto Paranaíba,31022,Uberaba,3170107,Uberaba
31,Minas Gerais,3105,Triângulo Mineiro/Alto Paranaíba,31018,Uberlândia,3170206,Uberlândia
31,Minas Gerais,3104,Vale do Mucuri,31016,Nanuque,3170305,Umburatiba
31,Minas Gerais,3101,Noroeste de Minas,31001,Unaí,3170404,Unaí
31,Minas Gerais,3105,Triângulo Mineiro/Alto Paranaíba,31021,Frutal,3170438,União de Minas
31,Minas Gerais,3101,Noroeste de Minas,31001,Unaí,3170479,Uruana de Minas
31,Minas Gerais,3112,Zona da Mata,31060,Ponte Nova,3170503,Urucânia
31,Minas Gerais,3102,Norte de Minas,31003,Januária,3170529,Urucuia
31,Minas Gerais,3108,Vale do Rio Doce,31040,Caratinga,3170578,Vargem Alegre
31,Minas Gerais,3109,Oeste de Minas,31042,Piuí,3170602,Vargem Bonita
31,Minas Gerais,3102,Norte de Minas,31005,Salinas,3170651,Vargem Grande do Rio Pardo
31,Minas Gerais,3110,Sul/Sudoeste de Minas,31050,Varginha,3170701,Varginha
31,Minas Gerais,3101,Noroeste de Minas,31002,Paracatu,3170750,Varjão de Minas
31,Minas Gerais,3102,Norte de Minas,31006,Pirapora,3170800,Várzea da Palma
31,Minas Gerais,3102,Norte de Minas,31007,Montes Claros,3170909,Varzelândia
31,Minas Gerais,3101,Noroeste de Minas,31002,Paracatu,3171006,Vazante
31,Minas Gerais,3102,Norte de Minas,31007,Montes Claros,3171030,Verdelândia
31,Minas Gerais,3103,Jequitinhonha,31011,Capelinha,3171071,Veredinha
31,Minas Gerais,3105,Triângulo Mineiro/Alto Paranaíba,31022,Uberaba,3171105,Veríssimo
31,Minas Gerais,3112,Zona da Mata,31060,Ponte Nova,3171154,Vermelho Novo
31,Minas Gerais,3107,Metropolitana de Belo Horizonte,31030,Belo Horizonte,3171204,Vespasiano
31,Minas Gerais,3112,Zona da Mata,31062,Viçosa,3171303,Viçosa
31,Minas Gerais,3112,Zona da Mata,31063,Muriaé,3171402,Vieiras
31,Minas Gerais,3108,Vale do Rio Doce,31037,Governador Valadares,3171501,Mathias Lobato
31,Minas Gerais,3103,Jequitinhonha,31012,Araçuaí,3171600,Virgem da Lapa
31,Minas Gerais,3110,Sul/Sudoeste de Minas,31056,Itajubá,3171709,Virgínia
31,Minas Gerais,3108,Vale do Rio Doce,31035,Guanhães,3171808,Virginópolis
31,Minas Gerais,3108,Vale do Rio Doce,31037,Governador Valadares,3171907,Virgolândia
31,Minas Gerais,3112,Zona da Mata,31064,Ubá,3172004,Visconde do Rio Branco
31,Minas Gerais,3112,Zona da Mata,31066,Cataguases,3172103,Volta Grande
31,Minas Gerais,3110,Sul/Sudoeste de Minas,31056,Itajubá,3172202,Wenceslau Braz
